label_x,label_y,label_z,label_w,loss_x,loss_y,loss_z,loss_w
7.889850616455078,3.9044134616851807,-2.660080671310425,9.196206631412995,1.7346339225769043,2.620908498764038,0.21859169006347656,0.22468948364257812
0.6931251883506775,-3.2300732135772705,2.7529850006103516,4.300316488978589,1.6280570030212402,0.8795604705810547,1.7750368118286133,1.304661750793457
-17.14508628845215,8.950526237487793,-1.622050404548645,19.408682368500024,4.393301963806152,0.8184442520141602,1.0621627569198608,4.048220634460449
1.0857853889465332,-3.7603776454925537,4.276739597320557,5.797402136376214,0.6039072275161743,0.9059891700744629,0.9156525135040283,1.075167179107666
-3.7657742500305176,6.995235443115234,-3.325481414794922,8.612386501252422,2.571901798248291,5.482738494873047,1.7498173713684082,6.274675369262695
-1.1895183324813843,2.344407796859741,2.1521224975585938,3.3974745070101524,0.2566624879837036,1.6665209531784058,0.876737117767334,1.3535621166229248
3.1232833862304688,-8.61318588256836,5.584571838378906,10.729832840095549,0.8516712188720703,0.4697704315185547,0.05680513381958008,0.5661439895629883
4.387678623199463,-3.8383920192718506,-9.968568801879883,11.548044897380002,2.8431529998779297,0.8865835666656494,2.4985618591308594,3.6190147399902344
-4.541820049285889,0.129261314868927,-7.775206089019775,9.005479863635646,0.10234737396240234,0.020011261105537415,0.6631913185119629,0.6202573776245117
-7.292844772338867,-5.99610710144043,7.541996002197266,12.083897920064297,1.1476564407348633,0.5884556770324707,1.636103630065918,2.0170249938964844
13.50848388671875,5.761778831481934,-8.729351043701172,17.084460830380927,5.773927211761475,1.891613245010376,0.3139324188232422,5.017115592956543
-0.2555425465106964,-0.39628681540489197,0.22961550951004028,0.5244697468381544,0.27310654520988464,0.3577171564102173,0.22656923532485962,0.4819798469543457
1.1261104345321655,-4.855041027069092,-2.4092984199523926,5.535726416801269,1.0745283365249634,1.1721220016479492,0.04345560073852539,1.1105084419250488
-5.612879753112793,5.208577632904053,16.49239158630371,18.183307738606675,2.7853593826293945,4.492869853973389,5.819446563720703,1.4931831359863281
-17.96179962158203,5.504719257354736,3.8993325233459473,19.18679165144032,7.640791893005371,0.8939871788024902,3.706573486328125,5.5621137619018555
2.815716505050659,0.36363568902015686,-7.29631233215332,7.829218607209565,0.22105073928833008,1.3301019668579102,3.454374313354492,3.3590917587280273
-7.53937292098999,10.063941955566406,11.377037048339844,16.9576544287842,1.5978989601135254,0.6411819458007812,4.66559362411499,1.3649358749389648
-1.1975914239883423,-7.844139099121094,-9.469121932983398,12.35431153917036,1.367089033126831,2.2661619186401367,1.4055204391479492,0.13136577606201172
-9.269326210021973,-13.288509368896484,-9.558897972106934,18.811629915459214,0.21714115142822266,2.9847793579101562,2.041201114654541,2.9158544540405273
-4.937501430511475,-12.906210899353027,3.2896335124969482,14.20460801294512,1.725379228591919,2.4132633209228516,2.8030221462249756,1.6531085968017578
-9.445144653320312,-9.102584838867188,7.656929016113281,15.188692182960242,2.27911376953125,0.10856819152832031,2.1329946517944336,2.536802291870117
7.381275653839111,11.110695838928223,4.567111492156982,14.099265927165403,1.0440998077392578,3.2235870361328125,0.05078268051147461,2.21112060546875
10.264564514160156,6.821288585662842,-9.998893737792969,15.870385584916503,0.19934368133544922,0.34594154357910156,3.3342838287353516,1.8760833740234375
-11.634710311889648,-5.205117225646973,-7.823063373565674,14.95526829987155,1.967041015625,1.4579248428344727,3.4962716102600098,3.72021484375
-1.619630217552185,-0.7600355744361877,-0.5712143778800964,1.8780686839180376,1.8247593641281128,0.8149879574775696,0.6289730072021484,1.657991886138916
6.740379333496094,-0.1387016326189041,-2.0064430236816406,7.034043311609128,0.976747989654541,2.272942304611206,0.7235734462738037,0.7554936408996582
9.30267333984375,9.965277671813965,-1.5056087970733643,13.715441961308368,1.3550620079040527,2.101304054260254,1.325845718383789,1.0081462860107422
13.320302963256836,-9.992642402648926,-8.47615909576416,18.6849845126206,0.9638290405273438,2.448605537414551,1.6524229049682617,2.6800365447998047
4.082283020019531,2.3498754501342773,-8.359554290771484,9.595264312515809,2.1919336318969727,2.5308327674865723,0.3356199264526367,1.6994524002075195
-0.01639324426651001,0.3915339708328247,0.6030282974243164,0.7191736342971498,0.11444385349750519,0.32745715975761414,0.36671945452690125,0.4415658712387085
3.887517213821411,1.4832216501235962,-1.3377479314804077,4.370618500776893,1.8333168029785156,0.8295236825942993,0.07717490196228027,1.030322551727295
-2.3720951080322266,6.595089912414551,-1.5444390773773193,7.176861306874524,1.096785068511963,0.7213616371154785,0.4745054244995117,1.071793556213379
-1.5062700510025024,-6.343158721923828,0.44992339611053467,6.535054942418851,0.38453710079193115,0.6590580940246582,1.0463882684707642,0.5512242317199707
1.4603474140167236,-7.702913284301758,9.353301048278809,12.20457816292031,0.4861874580383301,3.1513967514038086,0.5047321319580078,1.9341011047363281
-1.7662700414657593,1.8894847631454468,-0.35279563069343567,2.6104266483804213,0.657211422920227,0.48877716064453125,0.27044132351875305,0.7182276248931885
6.518681526184082,8.889789581298828,-9.096857070922852,14.292458718092625,1.6815834045410156,3.3887205123901367,0.7259397506713867,3.4415063858032227
-9.483847618103027,5.9721150398254395,12.24804401397705,16.601930787129152,0.32712650299072266,0.8420286178588867,2.089569091796875,0.9212942123413086
6.03818941116333,0.6798707246780396,13.321041107177734,14.641451148929132,4.492300033569336,3.2842345237731934,3.1865081787109375,3.649970054626465
-14.931897163391113,1.158862829208374,-2.7094860076904297,15.21991558389463,3.370091438293457,0.03034818172454834,0.3524808883666992,3.2005462646484375
2.55979061126709,1.0752054452896118,1.5371408462524414,3.173546392339215,1.7692992687225342,0.32595711946487427,0.7064802050590515,1.803784728050232
11.401959419250488,4.531739711761475,-9.789429664611816,15.696314107833492,4.898618698120117,0.8736109733581543,1.8141889572143555,1.3382072448730469
-2.62717604637146,-6.665716171264648,-2.6379663944244385,7.634965144164031,2.7695066928863525,1.616922378540039,0.3559873104095459,2.694122314453125
7.720239639282227,9.137097358703613,-2.5580506324768066,12.232427039172892,3.7022128105163574,0.35690879821777344,2.5628719329833984,1.302647590637207
-11.363321304321289,-11.508511543273926,-1.1353152990341187,16.212953149723592,2.5863494873046875,1.7151899337768555,1.2090808153152466,3.0619144439697266
1.91768217086792,2.0024728775024414,-3.009516716003418,4.092015811003375,0.3634321689605713,0.038883209228515625,0.035167694091796875,0.22547435760498047
-0.21163935959339142,-1.089066505432129,0.7180448770523071,1.3215315044463802,0.16071268916130066,1.1330820322036743,0.7223765850067139,1.2540804147720337
12.878287315368652,5.880929946899414,10.859034538269043,17.842484477248213,2.0603837966918945,1.524315357208252,1.4873418807983398,0.1657848358154297
3.1296439170837402,8.49279499053955,6.773916244506836,11.305227953768405,0.6084041595458984,2.810654640197754,3.7387914657592773,0.9810647964477539
6.828488349914551,-5.660872459411621,-0.509752631187439,8.884457096055236,3.304495096206665,3.36242938041687,0.6474395990371704,4.520919322967529
6.073192119598389,4.301389694213867,-5.767601013183594,9.41545735853111,1.9978008270263672,0.27432918548583984,0.787600040435791,0.7093267440795898
-0.5237128138542175,2.5653157234191895,1.2337110042572021,2.8943328616871518,0.2620624005794525,1.827864646911621,1.1066484451293945,2.101590871810913
-1.7772642374038696,-15.513347625732422,-7.983517646789551,17.53736515965191,0.1247934103012085,0.9350643157958984,1.1370420455932617,1.3664093017578125
12.732014656066895,-1.8095142841339111,-5.234428405761719,13.88444380887589,2.1346235275268555,2.57318115234375,2.6578588485717773,1.2231311798095703
-1.1886389255523682,0.2967504560947418,1.5926706790924072,2.009358907853795,0.15672504901885986,0.08690057694911957,0.37432587146759033,0.18222856521606445
0.290070503950119,-0.4639550447463989,0.9844269752502441,1.1262733462210024,0.20102092623710632,0.2686346769332886,0.4932572543621063,0.590243935585022
5.9060211181640625,-3.0023887157440186,-2.6564269065856934,7.138068881613523,1.5886178016662598,1.7033625841140747,0.9429681301116943,1.276960849761963
1.8127223253250122,1.802738904953003,-1.934327483177185,3.2058466277003106,0.27662575244903564,1.1675937175750732,0.5659874677658081,0.1138463020324707
8.83647346496582,7.355914115905762,-3.074888229370117,11.901582810733435,2.6713690757751465,1.912027359008789,0.32233142852783203,0.4351177215576172
11.556114196777344,9.02635669708252,-4.31545877456665,15.285354918578424,0.19252395629882812,1.8096342086791992,1.567307472229004,0.5945682525634766
-3.954780340194702,1.6407725811004639,2.1738977432250977,4.801901040221547,0.5327880382537842,0.261152982711792,0.4152400493621826,0.5595588684082031
7.181051254272461,-15.343300819396973,9.127506256103516,19.24307011903778,5.6815104484558105,0.06601428985595703,3.2684478759765625,0.48771095275878906
-2.6553096771240234,12.618279457092285,0.8227735161781311,12.920859189606153,0.1322629451751709,1.9019603729248047,0.5175027251243591,1.8777713775634766
13.023359298706055,1.1402820348739624,7.682394504547119,15.163354373810089,1.345290184020996,3.391714572906494,1.4779877662658691,2.4692764282226562
6.83476448059082,7.638416290283203,8.779017448425293,13.495575433769597,0.768096923828125,2.0587692260742188,0.1439065933227539,0.8363819122314453
-3.2794384956359863,3.8427224159240723,-6.622317790985107,8.329245184126977,0.68560791015625,0.418060302734375,0.5635275840759277,0.9180374145507812
-0.1315707564353943,0.4736199378967285,-0.44587838649749756,0.6636522018858181,0.17812582850456238,0.4649476110935211,0.3850957751274109,0.5865995287895203
-3.130293846130371,1.2822918891906738,0.12947052717208862,3.3852288947148135,2.418316602706909,0.7153833508491516,0.016697347164154053,2.4681601524353027
5.732706069946289,15.082676887512207,-9.244500160217285,18.59601689044596,0.4685487747192383,4.354575157165527,3.0715231895446777,2.7198925018310547
-1.4338901042938232,-3.5013320446014404,-4.051633358001709,5.543563816302367,2.2320868968963623,2.3096745014190674,0.11205291748046875,2.490330696105957
-1.987921118736267,-4.505844593048096,-3.36177921295166,5.9628873331342005,0.526610255241394,0.8879101276397705,0.7199184894561768,0.8255972862243652
-5.181478977203369,11.881922721862793,0.500775158405304,12.972223699844049,2.4354305267333984,1.3195428848266602,1.0238819122314453,2.2780113220214844
-8.302690505981445,-6.0523481369018555,-15.303829193115234,18.43292639762932,3.6058640480041504,4.764201641082764,2.0139408111572266,4.278752326965332
-2.23689341545105,4.313596725463867,18.5349178314209,19.16126269011375,0.5162200927734375,2.433863639831543,5.144992828369141,4.068912506103516
-2.5879881381988525,13.3795804977417,-13.984659194946289,19.52643207802705,2.578819513320923,0.42416954040527344,3.185070037841797,1.9826908111572266
0.6443001627922058,0.5236744284629822,1.1497012376785278,1.4181574463787978,1.5803663730621338,0.5592599511146545,0.3640413284301758,0.19555878639221191
-10.020867347717285,-1.5965548753738403,-9.555831909179688,13.938460938967513,1.7716598510742188,1.3428055047988892,5.025534629821777,5.043628692626953
-4.299312114715576,3.8550572395324707,4.26556921005249,7.179180431327775,1.9147872924804688,1.3222026824951172,1.2649874687194824,2.619091033935547
5.18855094909668,2.8582699298858643,-5.976425647735596,8.41477459391359,1.6264491081237793,3.8840506076812744,0.9713282585144043,2.3997583389282227
8.973687171936035,-2.5015780925750732,1.866692066192627,9.501025927919963,0.21630191802978516,1.1246393918991089,0.5442912578582764,0.5379629135131836
5.422614097595215,17.34905242919922,-6.67616081237793,19.364025589615203,0.10207509994506836,0.33992958068847656,0.4943222999572754,0.4507160186767578
-0.5660265684127808,0.0282985158264637,0.9762738943099976,1.1288479077618638,0.4393067955970764,0.22708453238010406,0.52785325050354,0.6222367882728577
4.011610984802246,16.693832397460938,-1.3290388584136963,17.220435740569286,1.6365365982055664,2.561077117919922,4.62401008605957,3.1145076751708984
7.988851547241211,7.836463928222656,10.592443466186523,15.408821321780286,2.448507785797119,3.284531593322754,0.3481006622314453,1.1461620330810547
-11.814210891723633,-2.784926414489746,0.0010605345014482737,12.138014469136928,1.4058465957641602,0.07077383995056152,1.829710602760315,1.4811086654663086
-10.044929504394531,-9.747343063354492,-11.567880630493164,18.158391113320576,0.31050682067871094,4.829341411590576,0.9814701080322266,2.55410099029541
-0.2629939317703247,2.314690351486206,0.3026050925254822,2.3491545443911743,0.5545219779014587,1.0940855741500854,0.4300312101840973,0.8745542764663696
8.180991172790527,-5.059985160827637,-1.6185938119888306,9.754584169777866,0.8170223236083984,1.7972147464752197,0.6695095300674438,0.08641815185546875
-0.5783342123031616,2.1736743450164795,-2.844677448272705,3.626502502965419,0.8276025652885437,0.5653430223464966,0.30491209030151367,0.08125519752502441
1.8092325925827026,-3.003603219985962,-1.607557773590088,3.857356202453111,0.6868325471878052,0.026884794235229492,0.043950557708740234,0.22815227508544922
2.622898578643799,-4.971878528594971,5.030647277832031,7.543645344985021,0.8891510963439941,2.672848701477051,1.0639138221740723,0.8030891418457031
-2.521406650543213,-3.3019959926605225,3.685454845428467,5.553669638233972,0.18033146858215332,0.04656839370727539,3.9678468704223633,3.191056728363037
10.77778148651123,-15.53026294708252,-5.175680160522461,19.59942106544309,1.912139892578125,3.8945884704589844,2.4378252029418945,4.717069625854492
4.497519493103027,-7.870451927185059,-12.676201820373535,15.583895139528309,2.125969409942627,1.9325981140136719,0.25555419921875,1.943246841430664
2.108494997024536,-0.06463956087827682,-2.323444128036499,3.138203632879059,0.49501752853393555,0.024348847568035126,0.45229649543762207,0.66587233543396
-4.55904483795166,-5.067704677581787,5.292283535003662,8.629877493250346,0.7736761569976807,1.341930627822876,1.70292329788208,0.15325069427490234
-1.410215973854065,-2.057447910308838,-5.50802755355835,6.046500519085842,1.0385127067565918,2.6724886894226074,4.632660388946533,5.1492133140563965
5.839942932128906,4.175718307495117,5.477301597595215,9.030082481632787,2.6318957805633545,0.7353012561798096,0.3743877410888672,2.08978271484375
3.4005484580993652,3.874346971511841,10.84760570526123,12.010197492479502,1.3828036785125732,0.455733060836792,0.9393243789672852,0.7080020904541016
-3.9905426502227783,-3.203982353210449,3.243685483932495,6.058995715595563,0.14995551109313965,1.982223391532898,1.551055669784546,0.20457696914672852
5.236964225769043,1.5985920429229736,-3.993833065032959,6.777314613697077,2.0096774101257324,0.9497413635253906,0.24641132354736328,1.9969372749328613
-14.670231819152832,-1.926346778869629,-10.614283561706543,18.20959991511234,1.0828895568847656,1.668033242225647,4.030183792114258,3.3005828857421875
3.830686330795288,-3.9024322032928467,0.8342459797859192,5.5316454352234015,1.0542614459991455,0.6478893756866455,2.0296542644500732,0.9995636940002441
-1.4531047344207764,-1.812939167022705,0.25137656927108765,2.3369749618041604,0.6559817790985107,1.0514426231384277,0.26609867811203003,1.234478235244751
-12.211626052856445,-10.496110916137695,-6.319828510284424,17.298334822117155,0.3942089080810547,1.8452119827270508,4.532310485839844,2.544194221496582
5.294595241546631,2.0573387145996094,4.529955863952637,7.265389286731819,0.5542306900024414,0.5093104839324951,0.6216731071472168,0.19101905822753906
2.3849844932556152,-2.818993091583252,-3.8694345951080322,5.348588334250703,1.8316313028335571,0.8661724328994751,0.8312215805053711,1.6947617530822754
-1.579744815826416,-19.36837387084961,3.245389699935913,19.701828706711222,3.88492488861084,0.9378490447998047,0.585845947265625,1.0908355712890625
6.265305519104004,-8.8079195022583,-0.24079382419586182,10.811636364202602,1.7548408508300781,2.2762584686279297,2.540055751800537,0.215789794921875
5.648838996887207,-8.087859153747559,-3.814591646194458,10.577048602083115,0.007711887359619141,2.813624382019043,0.8322198390960693,2.298497200012207
0.6408711075782776,-1.4262876510620117,-2.8449764251708984,3.2463676778637973,2.1082282066345215,0.35361194610595703,0.8418848514556885,1.1026694774627686
-7.091978549957275,3.1286518573760986,0.5307208895683289,7.769574432383102,1.4183588027954102,0.015593528747558594,1.8605499267578125,0.8562240600585938
4.749688625335693,11.935647964477539,-8.271842002868652,15.278828636057222,1.0836272239685059,1.2036495208740234,3.9572553634643555,3.5949506759643555
-9.78454875946045,8.653382301330566,5.181785583496094,14.052377788565465,2.639895439147949,2.275667190551758,2.1123311519622803,2.7771339416503906
-1.7350919246673584,7.801407337188721,-15.85596752166748,17.75624415454918,0.17602205276489258,1.1648030281066895,0.11408138275146484,0.4605674743652344
6.806622505187988,-1.5138003826141357,2.6421282291412354,7.456711279495761,1.9434337615966797,2.1285572052001953,0.7738502025604248,1.9565939903259277
-0.9373676180839539,0.9123938679695129,-0.9779195785522461,1.6332321708368829,1.0159536600112915,0.7328504920005798,0.18749266862869263,0.8188696503639221
-1.1716340780258179,6.435136318206787,-3.9908828735351562,7.662300696068488,0.05224871635437012,0.9568114280700684,1.8563623428344727,0.4281468391418457
-1.353171467781067,2.457422971725464,-1.930405616760254,3.4053585021845074,0.024333715438842773,0.6651183366775513,0.09820055961608887,0.518294095993042
4.887017250061035,9.177356719970703,13.861261367797852,17.327474734490043,3.62302827835083,0.6649894714355469,1.550551414489746,1.5153579711914062
5.610372543334961,18.360631942749023,-1.3713756799697876,19.247590931535175,2.0488409996032715,1.7482357025146484,0.14699304103851318,2.305349349975586
0.7032603025436401,0.4870965778827667,-3.216283082962036,3.328109823768839,0.05224752426147461,0.7363141775131226,0.1498243808746338,0.31211423873901367
-0.09739687293767929,0.05834047496318817,0.3910612463951111,0.4072083745566471,0.08406898379325867,0.07069721817970276,0.23575150966644287,0.2508388161659241
-5.71885871887207,-5.5582051277160645,-7.342658042907715,10.840369754914525,1.483090877532959,0.7023472785949707,3.084853172302246,2.0386524200439453
5.6937055587768555,2.533156633377075,-9.481010437011719,11.34569188837745,1.3615870475769043,0.9476014375686646,2.6337766647338867,1.6176910400390625
4.062294006347656,0.7538888454437256,-6.553493976593018,7.747184281178132,2.2711963653564453,4.91707706451416,0.5852375030517578,3.353916645050049
2.9154481887817383,5.156417369842529,-2.629793643951416,6.48107188999256,1.4839986562728882,0.32863426208496094,0.9518674612045288,0.5691962242126465
9.521718978881836,-8.473941802978516,-0.41037511825561523,12.753008654068601,0.049195289611816406,1.9055747985839844,2.0185351371765137,0.9728660583496094
-0.9474667906761169,-3.7827131748199463,5.254238128662109,6.543212559215633,0.32949960231781006,1.9285951852798462,1.7249116897583008,0.7044196128845215
-5.045421600341797,-4.820568561553955,4.140169620513916,8.113887161432817,2.140699863433838,0.5661673545837402,0.3177680969238281,1.3525524139404297
0.01735995151102543,0.005146196577697992,0.04473353177309036,0.04825909365679747,0.01735995151102543,0.005146196577697992,0.04473353177309036,0.04825909435749054
0.2230663150548935,-6.865354537963867,1.5485222339630127,7.041361560233293,0.4762646555900574,1.0074105262756348,0.6567480564117432,1.0748019218444824
-12.830422401428223,-0.3364149332046509,11.982767105102539,17.559032476235178,3.9172582626342773,0.4535810351371765,2.1228761672973633,0.8546085357666016
-1.9248613119125366,2.6111552715301514,2.3896799087524414,4.029118140292293,2.3816933631896973,0.39942502975463867,0.8410959243774414,1.7911977767944336
-0.6454647183418274,-1.5219919681549072,0.8433495163917542,1.8558886444370386,0.5890908241271973,0.5865675806999207,0.16298431158065796,0.6978328227996826
3.557163715362549,15.353669166564941,10.263190269470215,18.807489069026918,1.4246752262115479,0.9918222427368164,0.2451801300048828,0.4819679260253906
1.0775314569473267,-0.673761248588562,4.612000465393066,4.7838871802746885,0.4831430912017822,0.1853456199169159,0.4719219207763672,0.3579134941101074
2.4084250926971436,2.6623075008392334,-0.847951352596283,3.688822868142079,0.6110744476318359,0.8409337997436523,0.6052750945091248,1.159057378768921
17.21145248413086,-0.2788780927658081,-6.1677350997924805,18.28531722080126,0.46758270263671875,0.8888223171234131,0.8017382621765137,0.13861465454101562
3.2076756954193115,8.213069915771484,9.184372901916504,12.731708699534112,1.7041690349578857,3.018047332763672,0.3249692916870117,2.782536506652832
6.444427013397217,-6.007098197937012,4.062495708465576,9.701532851666435,2.7065653800964355,0.14143085479736328,1.5516128540039062,1.454239845275879
5.827678680419922,10.578781127929688,14.425171852111816,18.813772399968627,1.308786392211914,1.8669414520263672,0.7917394638061523,0.1911449432373047
-12.087127685546875,-5.903879165649414,11.416363716125488,17.643350174730692,1.8921747207641602,2.197561740875244,0.8384428024291992,1.3128623962402344
-0.5394390821456909,1.378153681755066,-1.2990331649780273,1.9692103131951295,0.6202061772346497,1.2397018671035767,0.9743067026138306,1.6070783138275146
-0.48343437910079956,3.116943359375,5.989010810852051,6.768847405352791,1.0001938343048096,0.011031150817871094,1.2297911643981934,1.228586196899414
-0.6341841816902161,4.1107025146484375,4.736621379852295,6.3036217237645955,0.6551218628883362,0.5401060581207275,0.6731939315795898,0.3052792549133301
6.007736682891846,3.34427547454834,-5.50041389465332,8.80520479677362,0.6113996505737305,2.9685897827148438,0.5480341911315918,0.8642721176147461
2.751631259918213,-2.5440006256103516,-0.1918243020772934,3.752360635191185,0.35669612884521484,0.725495457649231,0.15432626008987427,0.15096282958984375
1.0825188159942627,2.2990682125091553,-0.9786425828933716,2.7231053849977735,0.3838579058647156,0.34226012229919434,1.2600008249282837,0.3311946392059326
-14.133161544799805,0.4248311221599579,-3.7833268642425537,14.636949781134835,2.2371482849121094,2.0315206050872803,2.0687367916107178,2.0051794052124023
0.7044907808303833,-12.239140510559082,-10.884920120239258,16.394339075469706,0.07945448160171509,3.4548377990722656,4.697906494140625,1.5047988891601562
-2.3015947341918945,2.6617588996887207,-2.8087005615234375,4.502343568058088,0.3275153636932373,0.7600018978118896,1.1973328590393066,1.3856925964355469
-7.296134948730469,-7.481489658355713,11.062492370605469,15.217917405081216,2.832498550415039,0.24573802947998047,0.6310720443725586,1.0227670669555664
-4.334112167358398,6.2110724449157715,4.360466480255127,8.739314453700853,1.8253636360168457,3.164424419403076,0.4457263946533203,3.464724540710449
6.978450298309326,-3.971205472946167,-6.179792881011963,10.132081796281415,2.4085564613342285,1.4318811893463135,1.748157024383545,2.4144906997680664
3.1724531650543213,-5.619833469390869,1.4950484037399292,6.624360877675242,0.36717987060546875,1.349759578704834,0.5346070528030396,1.1268534660339355
2.2664902210235596,2.341758966445923,1.7571266889572144,3.702473116711456,0.3024272918701172,2.52789044380188,1.3354326486587524,2.612330436706543
-0.616155207157135,5.233321666717529,0.7014592885971069,5.315952223280524,0.6108284592628479,0.19063329696655273,0.8454042673110962,0.10991525650024414
14.383211135864258,-4.099501132965088,11.045455932617188,18.592599841803185,3.0045394897460938,0.8298690319061279,0.738438606262207,2.664976119995117
7.262671947479248,7.426006317138672,-4.541863441467285,11.336688103666896,1.2034449577331543,6.656377792358398,0.4150815010070801,5.604947090148926
4.693160533905029,-3.8223726749420166,-5.401775360107422,8.112673154035653,0.1286921501159668,0.5854201316833496,1.283754825592041,0.7430849075317383
-9.393622398376465,6.64558744430542,5.041754722595215,12.562772979163517,4.4187469482421875,2.11869478225708,1.301351547241211,4.217713356018066
-6.383161544799805,-4.856237888336182,-3.7855865955352783,8.868960683609961,1.8002829551696777,1.779879093170166,1.0557451248168945,2.7111363410949707
-2.120704412460327,5.23533296585083,5.1553778648376465,7.647484514375372,1.3317556381225586,0.21731138229370117,1.7372827529907227,1.7949509620666504
4.203575611114502,1.5652669668197632,2.338048219680786,5.058317711781882,0.6626429557800293,1.0378090143203735,0.9868097305297852,1.3845672607421875
0.6476263999938965,1.8482253551483154,12.759618759155273,12.909036671896526,2.0818886756896973,0.7976477146148682,0.09981536865234375,0.12500572204589844
-2.6839051246643066,-2.549750804901123,-1.729245662689209,4.085935198607865,0.8803315162658691,0.9333256483078003,0.201216459274292,0.2779273986816406
5.445361137390137,-6.397818565368652,-2.538027286529541,8.776424261573908,1.871248722076416,1.7892894744873047,1.6248443126678467,2.241535186767578
-5.295912742614746,-1.086094617843628,-2.9210867881774902,6.14483859188858,0.44559669494628906,1.6410374641418457,0.07833003997802734,0.8835811614990234
0.8433017730712891,-2.927241086959839,1.2989574670791626,3.311674616101605,0.41827893257141113,0.4949648380279541,0.09521007537841797,0.529170036315918
1.8623833656311035,1.0227960348129272,-2.653010129928589,3.398977240128594,1.7702323198318481,0.04436582326889038,0.12145137786865234,0.45560264587402344
-9.037070274353027,-11.129375457763672,12.23581314086914,18.847990886079433,0.47872352600097656,3.0643911361694336,0.9571247100830078,2.5538787841796875
-13.94859504699707,13.303023338317871,-2.99599289894104,19.506658021697266,4.783683776855469,1.321462631225586,1.8033192157745361,4.738077163696289
-0.02352987416088581,10.976856231689453,-13.615351676940918,17.489131701514957,2.615175724029541,3.999703884124756,0.021854400634765625,1.9913759231567383
-3.2623188495635986,-2.433727264404297,4.415344715118408,6.005082982527955,1.5660938024520874,2.420046806335449,0.5938999652862549,1.8240771293640137
6.464163303375244,8.23135757446289,-1.818176031112671,10.622919505083495,0.4412679672241211,2.43216609954834,1.5663071870803833,2.083737373352051
12.926790237426758,-6.869765281677246,-0.4232047498226166,14.644954186614658,1.107421875,2.863527774810791,2.674679756164551,0.12251567840576172
12.764060974121094,5.413160800933838,4.931660175323486,14.715462428776048,0.9206399917602539,0.2904634475708008,0.9529659748077393,0.9812736511230469
3.1682963371276855,-2.9924373626708984,-2.4807381629943848,5.014662987948665,0.6993598937988281,1.149395227432251,0.5731061697006226,0.32482004165649414
-1.9430855512619019,-12.248600959777832,0.24826720356941223,12.404251026795666,0.9441169500350952,2.4417848587036133,0.9471489191055298,2.6148176193237305
-1.986979603767395,-4.801319599151611,-2.8696091175079346,5.9359425811129345,1.4790831804275513,0.9083523750305176,0.8356723785400391,1.0462379455566406
-1.1422972679138184,-0.561236560344696,-1.6677262783050537,2.097889526238249,1.038859486579895,0.42993223667144775,0.8448065519332886,1.2581652402877808
-2.402618885040283,-2.7114145755767822,0.45894667506217957,3.651708991411154,0.30723142623901367,0.8954846858978271,2.090151309967041,0.4881932735443115
-3.9179556369781494,12.09852123260498,11.755102157592773,17.317823741006393,3.111910581588745,3.3179426193237305,4.2933197021484375,2.2798633575439453
9.862386703491211,-8.258096694946289,8.866999626159668,15.623268380290941,2.112354278564453,1.5840973854064941,0.26966190338134766,2.2621498107910156
1.8600013256072998,-13.023752212524414,13.887712478637695,19.129722541474685,2.260023832321167,1.825118064880371,0.4322662353515625,1.6191978454589844
3.8010458946228027,-0.2256285399198532,6.383580684661865,7.432964448229473,1.9910608530044556,0.6702441573143005,0.38449621200561523,1.1510272026062012
9.59244155883789,-4.233317852020264,-15.475619316101074,18.693065781536063,4.564746856689453,2.316042900085449,2.223992347717285,0.8376312255859375
2.3066985607147217,8.785185813903809,9.810001373291016,13.36923614043793,0.30272912979125977,0.9583826065063477,1.5997438430786133,1.767979621887207
13.8800687789917,6.9020586013793945,11.282713890075684,19.172750323616125,1.761143684387207,1.0612154006958008,4.14312219619751,3.009340286254883
-2.948650598526001,-3.918468952178955,-6.567399978637695,8.196321233381997,1.9878056049346924,1.462984561920166,2.1638240814208984,3.186248779296875
9.238465309143066,7.668623447418213,9.756325721740723,15.470711633122502,3.38040828704834,3.573873996734619,1.8338050842285156,1.7060651779174805
8.318876266479492,8.270193099975586,11.90561580657959,16.71357184989963,2.388211250305176,0.5956039428710938,2.3857641220092773,1.1195068359375
8.40492057800293,7.370530128479004,-3.1830368041992188,11.623215028306092,0.6826744079589844,2.2764177322387695,0.39595866203308105,1.0442419052124023
2.1071712970733643,4.056203842163086,4.10874080657959,6.146113528079409,1.7636733055114746,1.7514877319335938,1.497532606124878,2.6463825702667236
1.0712519884109497,-10.489141464233398,-3.233262062072754,11.028311432010511,0.30303823947906494,4.004920959472656,2.072378158569336,4.425419807434082
5.465415954589844,-6.357402324676514,2.590501308441162,8.774852300952018,2.158339500427246,2.4478187561035156,1.7702641487121582,0.8388242721557617
6.505280494689941,0.9141730070114136,6.322622299194336,9.117562137962711,3.0479726791381836,2.8929662704467773,1.8994407653808594,4.049110412597656
-1.4374465942382812,1.5278716087341309,3.285814046859741,3.8983609779757242,0.5238429307937622,0.17777705192565918,0.23627138137817383,0.47896456718444824
-2.035101890563965,-2.478217124938965,-3.1219773292541504,4.475482350283,1.4673190116882324,0.5961017608642578,1.1477888822555542,0.585723876953125
-5.719119071960449,3.8632209300994873,-2.325317621231079,7.282849782442877,0.5434975624084473,1.1046311855316162,0.12174224853515625,1.0090537071228027
5.125798225402832,-4.829969882965088,-0.2919140160083771,7.048945333213668,2.151160717010498,1.1815967559814453,0.9205816984176636,1.1156110763549805
-0.22045637667179108,-0.172568216919899,-0.38023853302001953,0.4721886757424244,0.19098080694675446,0.2357858419418335,0.37999072670936584,0.4024367034435272
-4.606151103973389,-0.22580087184906006,-4.786511421203613,6.646676283051229,1.5626554489135742,0.6669433116912842,0.1504368782043457,1.1214861869812012
-9.645563125610352,9.125345230102539,2.1638147830963135,13.453286141097106,0.8726263046264648,0.9335308074951172,1.4025452136993408,1.1204166412353516
-2.5580804347991943,-3.59637188911438,-1.3193837404251099,4.606347764792919,0.8366081714630127,0.35125732421875,0.17011094093322754,0.32044363021850586
-2.637476921081543,-1.447667121887207,-2.7201168537139893,4.055990668491467,0.38555026054382324,1.1849285364151,0.3549232482910156,0.2641477584838867
-1.1202154159545898,0.33068549633026123,-0.7293314337730408,1.377011189466137,1.206115961074829,0.17630824446678162,1.0368452072143555,1.0223621129989624
3.430388927459717,6.76329231262207,3.6325907707214355,8.408650712637645,1.4323291778564453,0.3787660598754883,0.034978628158569336,0.9778347015380859
4.260289192199707,4.189823627471924,7.8602399826049805,9.87360413499739,1.5054783821105957,1.1962990760803223,1.1264305114746094,0.9596567153930664
1.949396014213562,-3.9266209602355957,-1.3465452194213867,4.586031074201289,2.203373908996582,1.4780879020690918,0.48345881700515747,1.9774417877197266
1.4385861158370972,-3.9124412536621094,-6.355510234832764,7.600607667884221,0.4015454053878784,0.12647700309753418,0.20971012115478516,0.19822168350219727
3.557756185531616,12.387049674987793,1.1363219022750854,12.937845886850473,1.0533292293548584,3.3954086303710938,0.08805859088897705,2.7589054107666016
-0.853544294834137,-0.6266567707061768,-1.325540542602539,1.6965536542057347,1.1760449409484863,0.8470211029052734,0.4895703196525574,0.773833155632019
-1.1498994827270508,-0.9559788107872009,0.5289887189865112,1.586188315385358,0.5809412598609924,0.4629369080066681,0.06456750631332397,0.6274846196174622
8.969423294067383,-7.416720867156982,4.915489196777344,12.634094217359438,1.4957938194274902,1.6207079887390137,1.140420913696289,1.4036474227905273
1.548849105834961,7.349609375,6.791927337646484,10.126498332474227,3.0403506755828857,1.0377602577209473,0.5371503829956055,0.33980274200439453
-5.998818874359131,1.2900135517120361,-9.956604957580566,11.695466862519254,3.2354207038879395,0.5793899297714233,0.1354522705078125,2.002190589904785
5.200239181518555,1.7452890872955322,-1.7364921569824219,5.753601181390235,1.9424173831939697,0.6514377593994141,1.3988361358642578,1.6950650215148926
3.8188700675964355,-4.5742716789245605,2.2275755405426025,6.3615896421113955,0.06356644630432129,0.6710047721862793,3.7189314365386963,1.7420978546142578
-0.42318928241729736,0.18986093997955322,0.8398327231407166,0.95940364192593,0.46186044812202454,0.18024887144565582,0.6013424396514893,0.7176072597503662
7.030279636383057,-6.336120128631592,3.2792840003967285,10.016234502319255,2.754366397857666,0.6152610778808594,3.7209067344665527,3.3055601119995117
-4.562520503997803,5.368994235992432,12.64059829711914,14.471607297209651,0.7498822212219238,4.3875250816345215,1.897726058959961,0.5328969955444336
0.9021303653717041,0.9877039790153503,-1.0104314088821411,1.6764158130797946,0.9970808029174805,0.9175775647163391,0.8633492588996887,1.4878251552581787
4.214579105377197,4.770880222320557,3.5183937549591064,7.27344964553593,2.1074442863464355,3.813657283782959,0.5730421543121338,4.145925045013428
-8.90938949584961,4.213783264160156,0.08849858492612839,9.85601453862592,1.7514095306396484,0.5481009483337402,0.6532669067382812,1.833601951599121
-1.9587105512619019,-7.000227928161621,8.814470291137695,11.425175035122555,1.098288893699646,1.2798633575439453,0.29705810546875,1.260451316833496
-2.8803789615631104,4.450638294219971,-5.9200310707092285,7.946793823068225,2.019768238067627,0.43814563751220703,1.4403467178344727,0.4802994728088379
-1.6073952913284302,4.680272579193115,1.8244150876998901,5.274197706794729,0.5039364099502563,0.22422170639038086,0.6481739282608032,0.6101446151733398
2.741575241088867,-13.367910385131836,-5.722212791442871,14.797330235485706,1.6500630378723145,0.11086845397949219,1.3275294303894043,1.035003662109375
-6.993228435516357,13.015626907348633,-2.898057460784912,15.056909536442841,0.3055148124694824,1.0727577209472656,0.36629605293273926,1.142171859741211
-13.440000534057617,-12.624654769897461,1.0839955806732178,18.471344532369127,2.159944534301758,1.726048469543457,0.4228633642196655,2.77886962890625
8.973261833190918,0.9753837585449219,7.693655014038086,11.860148771346312,3.2069778442382812,2.2439262866973877,0.3349924087524414,3.079108238220215
6.632399559020996,0.16142284870147705,-14.690644264221191,16.11923726931519,4.608207702636719,3.315706729888916,2.256350517272949,4.511861801147461
2.0270369052886963,3.9783358573913574,4.546329498291016,6.372216781987195,0.3324015140533447,0.48772430419921875,0.9947190284729004,0.19754409790039062
1.7796250581741333,5.431427955627441,13.17286491394043,14.359381777283287,2.6328277587890625,1.050549030303955,2.120504379272461,1.571946144104004
-2.398630142211914,-0.425249308347702,1.8114068508148193,3.035697335466203,0.372774600982666,1.330342411994934,0.29968440532684326,0.3508157730102539
-0.3114948570728302,-0.1766531765460968,-0.14646832644939423,0.386895801760029,0.3114948570728302,0.1766531765460968,0.14646832644939423,0.3868958055973053
-9.09704875946045,-4.921657562255859,-9.545339584350586,14.074534346566546,2.4722347259521484,0.16437149047851562,2.2219185829162598,0.5319204330444336
-1.518500804901123,-1.5234522819519043,-1.0345654487609863,2.3868550893675646,0.0007901191711425781,0.37129390239715576,0.25931721925735474,0.1625208854675293
1.9573413133621216,-0.7416185736656189,-6.669866561889648,6.990586747849827,1.894730806350708,0.09858453273773193,0.6367053985595703,0.36440181732177734
2.180040121078491,8.962385177612305,-10.396502494812012,13.898351957193668,0.34422028064727783,3.040236473083496,0.15517902374267578,2.1880130767822266
10.333555221557617,-8.258338928222656,5.822000503540039,14.452619666814694,2.290128707885742,0.06000709533691406,1.5677547454833984,2.3157596588134766
-1.2583012580871582,2.4602925777435303,1.6399409770965576,3.213373310489157,1.2757065296173096,0.9526453018188477,0.9116987586021423,1.5389658212661743
-0.05329803377389908,11.223745346069336,0.8645790219306946,11.257122063786102,1.8711014986038208,3.776444435119629,3.6765668392181396,4.5330963134765625
-1.3349764347076416,1.109978199005127,-1.0571856498718262,2.032696529683245,1.0059646368026733,0.17679136991500854,0.009761214256286621,0.577546238899231
-1.9206899404525757,3.875133991241455,-15.219064712524414,15.821682717759083,1.5659749507904053,0.8439760208129883,2.1931629180908203,2.222193717956543
5.249787330627441,-6.829768657684326,1.289585828781128,8.71028349389942,2.0015926361083984,1.3125805854797363,1.1464040279388428,2.4617538452148438
6.293191432952881,-5.670538902282715,6.8563032150268555,10.898080731508681,0.7148618698120117,0.33145666122436523,3.3434290885925293,1.9828128814697266
8.760232925415039,9.616922378540039,-13.26049518585205,18.575995518851617,2.4160304069519043,1.4765558242797852,1.4950685501098633,1.2053470611572266
0.9099612236022949,-0.550887405872345,0.3443675935268402,1.1180766529536401,0.0028575658798217773,1.0168129205703735,0.3836232125759125,0.13487756252288818
-0.1904245764017105,-5.263741970062256,3.3841910362243652,6.2606700932371435,0.5331900715827942,2.0847253799438477,0.07863163948059082,1.8294663429260254
2.136965274810791,-4.015680313110352,-9.627540588378906,10.648091225366754,1.2827308177947998,1.1362338066101074,4.433071136474609,4.712161064147949
4.348912239074707,5.6461663246154785,-1.2728625535964966,7.239641628474702,3.1059188842773438,1.5729141235351562,0.47533118724823,2.6360998153686523
9.822500228881836,7.406064987182617,10.497535705566406,16.17187574866928,2.017463207244873,1.7097654342651367,2.21746826171875,1.591872215270996
-3.9316606521606445,-11.783337593078613,2.7091634273529053,12.71395165919371,0.9306924343109131,3.171419143676758,0.8546042442321777,2.9225587844848633
-2.623426675796509,-4.831157207489014,-4.266740322113037,6.958988465509842,1.9141685962677002,0.3304109573364258,0.26442766189575195,0.8754205703735352
-1.0063124895095825,-1.0453736782073975,-1.4894720315933228,2.0794224887046346,0.3215138912200928,0.7986286282539368,0.8255811333656311,1.0942405462265015
9.656926155090332,15.28055191040039,-6.172613143920898,19.10111626255947,2.268343925476074,0.8760223388671875,2.326791763305664,0.5931949615478516
-1.7015434503555298,-14.319906234741211,-11.728311538696289,18.587852383584945,1.0112745761871338,2.7471094131469727,1.9628419876098633,0.6475696563720703
-4.843098163604736,5.466035842895508,0.6329419016838074,7.330331718894929,1.0047087669372559,0.48635244369506836,1.4954283237457275,1.0584497451782227
0.01400383748114109,-0.20075343549251556,-0.11683985590934753,0.2327006687896769,0.04211803525686264,0.200566366314888,0.10307114571332932,0.20139537751674652
5.028482913970947,5.270072937011719,3.107497453689575,7.919333911523637,0.9376721382141113,2.6822075843811035,0.6468715667724609,2.7074742317199707
0.6910417675971985,-0.11184088885784149,0.5784777402877808,0.9081209198079458,0.73581463098526,0.1000191941857338,0.6629953384399414,0.8117488026618958
0.812279462814331,1.0058141946792603,1.0044153928756714,1.6371653555379848,0.5400652885437012,0.1093299388885498,0.1563197374343872,0.20996081829071045
9.474275588989258,-6.25176477432251,3.5279345512390137,11.886664079017441,1.5810980796813965,0.6636385917663574,0.17653703689575195,1.5303850173950195
-10.599608421325684,-8.162166595458984,3.950437068939209,13.949143889612504,2.8315839767456055,0.9226436614990234,0.29332709312438965,2.673285484313965
-5.541440963745117,-0.07337886095046997,14.2213716506958,15.26303914818805,0.7802386283874512,1.5268230438232422,1.7878093719482422,1.8699426651000977
-5.47294282913208,2.003363609313965,0.5484012365341187,5.853828907501814,0.8144922256469727,1.6315867900848389,0.033529698848724365,0.07736968994140625
-16.810762405395508,3.2590718269348145,0.8537108302116394,17.14503146702857,3.445155143737793,1.1661696434020996,0.7270106673240662,3.5245180130004883
-2.3495328426361084,1.8985347747802734,-1.2432423830032349,3.266556366048389,1.1689388751983643,0.5447461605072021,0.12618541717529297,1.151287317276001
12.245476722717285,-2.9008705615997314,-15.023219108581543,19.597547360989243,3.900752067565918,0.22561907768249512,0.7160768508911133,2.7421722412109375
-11.927579879760742,-11.91435718536377,-8.255003929138184,18.771365395159442,1.123549461364746,0.31341552734375,0.6556024551391602,0.5859909057617188
-5.504645347595215,-6.931406497955322,2.656118631362915,9.241238154412649,4.191816329956055,0.06625843048095703,0.46644067764282227,3.117526054382324
-3.6690926551818848,0.904850423336029,-0.7326099872589111,3.849378208795876,1.4973363876342773,0.9018741250038147,1.0797643661499023,1.6348497867584229
3.5115509033203125,0.5580086708068848,-0.7002553939819336,3.623909634649595,0.10295486450195312,0.49232029914855957,0.569914698600769,0.34864306449890137
10.043814659118652,12.050124168395996,-5.988028526306152,16.79107474262277,1.2718753814697266,0.14067363739013672,0.1470036506652832,0.8378219604492188
-10.194250106811523,-9.9414701461792,-8.04818344116211,16.356308281827992,1.7828245162963867,1.864297866821289,0.9055576324462891,0.2408447265625
-10.27026081085205,7.16443395614624,13.910906791687012,18.716856007404356,2.2796645164489746,1.4594931602478027,1.0312623977661133,1.2781925201416016
9.334712028503418,4.352260112762451,-15.027920722961426,18.2186008793168,3.573777198791504,4.577066898345947,0.060051918029785156,0.13782310485839844
-6.30976676940918,-5.847743988037109,7.2124738693237305,11.226265886288376,1.4311628341674805,0.05362558364868164,2.3411216735839844,1.0170230865478516
-1.6677048206329346,-2.8824477195739746,1.0528795719146729,3.492606421828082,1.6428033113479614,2.000957489013672,0.1859811544418335,2.2560153007507324
-3.1244797706604004,-9.20234203338623,-9.527762413024902,13.609692477633107,0.30960774421691895,0.4072141647338867,1.6219701766967773,1.3764219284057617
0.7189688086509705,12.973958015441895,-7.514531135559082,15.01028583743657,1.5939419269561768,1.8217926025390625,1.5726242065429688,1.10089111328125
-2.4179799556732178,2.1191210746765137,-2.72751522064209,4.216235343764608,0.6665847301483154,0.047762393951416016,0.8849118947982788,0.8758823871612549
0.9223260879516602,8.942138671875,-13.859880447387695,16.519952041559876,0.9054466485977173,0.5407171249389648,2.9681854248046875,1.963362693786621
2.4852139949798584,1.4101134538650513,-0.8609998822212219,2.9842971284374364,0.9193639755249023,1.1039670705795288,1.010244369506836,1.250561237335205
3.363699197769165,-0.95769864320755,1.2591623067855835,3.7171425448997915,0.3501765727996826,0.14084583520889282,0.8716193437576294,0.6417970657348633
4.459491729736328,-4.98638916015625,0.17361006140708923,6.6918819324262016,0.7057065963745117,1.50410795211792,0.017579033970832825,1.604513168334961
0.697957456111908,-1.611862301826477,0.49848803877830505,1.8258518602002178,0.43840491771698,1.412549614906311,0.011851221323013306,1.2196018695831299
-1.815153956413269,0.846401572227478,1.7595690488815308,2.6659450003204763,0.11737596988677979,0.8844563961029053,0.4788649082183838,0.2272789478302002
0.965071439743042,-3.7240493297576904,3.416539430618286,5.145157721124391,0.18862903118133545,2.943819522857666,1.1825213432312012,2.5125505924224854
-2.8057477474212646,4.583787441253662,0.4313405752182007,5.3916029546493744,3.770303964614868,1.839444637298584,0.35993361473083496,3.834907054901123
2.2356138229370117,5.432662010192871,-5.2961554527282715,7.909554239131513,1.9450132846832275,1.7195446491241455,0.7096166610717773,0.8426609039306641
3.6735644340515137,1.6157236099243164,-3.830919027328491,5.548114907672925,1.1432232856750488,1.8452484607696533,0.2545177936553955,1.6540074348449707
13.33708667755127,0.6882816553115845,0.9261733889579773,13.38691188541883,3.106901168823242,2.071052074432373,1.1116986274719238,2.596938133239746
4.185540199279785,1.8628513813018799,6.515834331512451,7.965240678367585,0.07162904739379883,0.41556882858276367,1.266890048980713,0.833193302154541
-1.7330760955810547,7.584353446960449,-0.721213161945343,7.813201545234739,0.40867042541503906,2.8559131622314453,1.4206228256225586,2.7339491844177246
10.773174285888672,2.679452657699585,-4.9614577293396,12.159638709230219,0.876042366027832,1.4916865825653076,2.044501304626465,1.030385971069336
10.92471981048584,-7.394972324371338,-8.470990180969238,15.677780240260962,3.71201229095459,2.486330986022949,0.7134552001953125,2.2855911254882812
2.2462422847747803,2.2931458950042725,2.159393787384033,3.8687341633508407,0.9913375377655029,1.098247766494751,0.7860598564147949,1.0169103145599365
1.4527920484542847,-2.418661117553711,-4.276652812957764,5.123503256581157,0.9786747694015503,1.4280204772949219,0.9895200729370117,0.7608809471130371
-12.263172149658203,-1.6740903854370117,-1.1076561212539673,12.426378067390216,3.3383913040161133,1.735164761543274,1.6063352823257446,3.09786319732666
-5.842802047729492,-0.5671349763870239,5.324289321899414,7.925152025903704,2.7179718017578125e-05,1.89435875415802,0.28262996673583984,0.2808041572570801
8.67486572265625,-7.403943061828613,6.431994915008545,13.093594875190396,1.1338295936584473,0.5570039749145508,2.1327757835388184,0.2144145965576172
-2.038759469985962,1.6713781356811523,-5.489987850189209,6.090156947412405,0.3218710422515869,0.7909111976623535,0.7047057151794434,0.21356201171875
-2.1133201122283936,-4.684113025665283,11.21552562713623,12.33673586597791,2.4363391399383545,0.9488503932952881,0.5075836181640625,0.02869701385498047
10.780951499938965,-7.4104766845703125,-9.16869068145752,15.975261148063977,0.26218700408935547,2.1767687797546387,1.3420133590698242,1.4632148742675781
-5.611932277679443,1.9546765089035034,4.495917320251465,7.451698913285258,0.6828451156616211,1.163079023361206,0.09679031372070312,0.6682267189025879
-4.624852180480957,0.7791417837142944,-8.161919593811035,9.413461162944555,1.3627476692199707,1.0630348920822144,1.1903676986694336,1.6949701309204102
3.8900461196899414,-0.8832217454910278,-4.05981969833374,5.691632054868063,0.9022488594055176,0.16428422927856445,1.6521868705749512,1.8376688957214355
-2.0942771434783936,-6.04758358001709,-1.378008246421814,6.546615204683628,0.6986675262451172,1.8449525833129883,0.4595602750778198,1.1763916015625
2.5261969566345215,-2.385746955871582,-4.3808770179748535,5.591559983383911,1.0986064672470093,0.7090772390365601,0.4236021041870117,1.0628447532653809
-2.401926040649414,-5.302145481109619,6.488704681396484,8.716953817130017,2.7576088905334473,0.5962796211242676,0.0527958869934082,1.4237136840820312
-0.15466061234474182,-0.42929232120513916,0.34204426407814026,0.5702684285889439,0.16856734454631805,0.4018654227256775,0.2805565595626831,0.5015198588371277
3.161127805709839,-0.9968959093093872,-1.983160376548767,3.8625711044772677,1.0481691360473633,1.227623462677002,0.4856811761856079,0.6048097610473633
-7.178878307342529,9.269429206848145,-1.8545191287994385,11.870040133524638,3.7381033897399902,3.8454647064208984,0.9222575426101685,5.2194318771362305
-5.477664470672607,7.687461853027344,15.992005348205566,18.570032656192478,4.515617847442627,0.46398401260375977,9.761831283569336,8.982580184936523
3.6150717735290527,10.397222518920898,-7.704329967498779,13.436058956547566,0.7554075717926025,2.5882606506347656,2.0003342628479004,3.3517580032348633
5.567224025726318,1.2596315145492554,4.632355690002441,7.351147811312734,1.5660886764526367,0.579639196395874,0.2529153823852539,1.2189488410949707
0.4689861536026001,1.0745739936828613,1.4343953132629395,1.852605515181573,0.2719622850418091,0.3042852282524109,0.48505300283432007,0.6142944097518921
-8.116840362548828,-4.936211585998535,0.7638143301010132,9.530618795425385,2.027649402618408,0.5504665374755859,0.6972942352294922,1.8854994773864746
3.8117785453796387,-2.6265687942504883,8.079631805419922,9.311765107706496,0.7189483642578125,0.8114720582962036,0.6804914474487305,0.4478302001953125
-1.1424508094787598,1.9123260974884033,-0.5384039878845215,2.2917381633563325,1.0556215047836304,0.3379267454147339,0.6385622620582581,0.7117682695388794
-9.228216171264648,-16.789764404296875,2.0251123905181885,19.265441667649746,1.3184270858764648,1.7001676559448242,1.1328153610229492,0.5865745544433594
-0.07132098823785782,-1.614561676979065,-1.0237128734588623,1.9130823660830905,0.3268033564090729,0.3509632349014282,0.04317951202392578,0.3584921360015869
0.052013445645570755,-1.8763755559921265,0.9801046252250671,2.1175683464861894,0.9659417271614075,0.10737490653991699,0.9324777722358704,0.8200275897979736
7.972405910491943,3.775318145751953,-5.112393856048584,10.19553108193262,2.190145969390869,2.6550850868225098,2.0921740531921387,3.8235034942626953
-0.6612502336502075,-0.9822432398796082,-10.752642631530762,10.817641943381396,0.8059848546981812,1.3948907852172852,3.5050582885742188,3.711141586303711
-2.0474836826324463,0.8145294785499573,-8.801810264587402,9.073450922106161,0.5828492641448975,1.6677539348602295,2.827418327331543,2.8800249099731445
-8.354117393493652,-6.179111957550049,-9.199048042297363,13.877866799069162,1.0452971458435059,0.2978682518005371,0.2544441223144531,0.9158515930175781
-9.723482131958008,8.509109497070312,0.7691716551780701,12.943827650226504,3.110816478729248,0.2988424301147461,3.6066555976867676,1.0924463272094727
-8.736776351928711,-10.123149871826172,-2.5339832305908203,13.609941049247439,3.457716941833496,0.868861198425293,0.22812390327453613,3.0381593704223633
8.84204387664795,4.143820285797119,5.723900318145752,11.318834804414289,2.3595666885375977,4.684750080108643,0.2436656951904297,4.141811370849609
-3.676846504211426,2.4912877082824707,2.9754767417907715,5.345949541653843,0.5833008289337158,0.7565042972564697,0.3061990737915039,0.9069700241088867
-4.581160545349121,0.25142815709114075,-1.40131676197052,4.79728430758708,1.4635605812072754,0.36057308316230774,0.8374168872833252,1.3044519424438477
-10.512595176696777,-1.3427870273590088,8.023639678955078,13.292724628444477,2.036928176879883,0.26827359199523926,0.6996326446533203,1.082606315612793
6.215031147003174,2.5405113697052,1.0122783184051514,6.790104385923248,0.4131021499633789,0.8232035636901855,1.7273409366607666,1.1315269470214844
-8.792680740356445,7.775458812713623,-8.703357696533203,14.612235610742282,2.2735495567321777,0.403439998626709,1.390793800354004,0.5148019790649414
-0.9652720093727112,17.844655990600586,-6.839339733123779,19.134786788988308,1.1802289485931396,1.5352706909179688,1.1453132629394531,0.8494396209716797
2.2886180877685547,14.760658264160156,2.6187307834625244,15.164846061178306,3.272925853729248,2.4851856231689453,2.7631914615631104,3.7379302978515625
-9.586462020874023,7.722485542297363,-1.2884770631790161,12.377286058380903,1.2079534530639648,6.265375137329102,1.614889144897461,5.29433536529541
1.8508515357971191,-13.707837104797363,-14.412686347961426,19.976385490471884,0.2388923168182373,2.8162031173706055,0.46581268310546875,1.4193267822265625
17.379281997680664,8.682869911193848,-2.1110568046569824,19.541960840256312,4.654716491699219,2.8099136352539062,1.8109462261199951,1.9527359008789062
-18.59765625,0.2333691567182541,4.5739617347717285,19.153287057516458,7.7551069259643555,1.8544166088104248,1.8032126426696777,6.40228271484375
1.003535509109497,-7.740627765655518,7.825906753540039,11.053018512586704,2.1256425380706787,5.801565170288086,0.01194906234741211,2.393705368041992
-7.979276657104492,4.2757568359375,-2.3312737941741943,9.348036691952073,0.8485832214355469,1.127453327178955,1.1084345579147339,1.0741090774536133
-4.770052433013916,3.4079315662384033,-6.4470391273498535,8.713880380372803,0.06598424911499023,1.6716430187225342,1.9659924507141113,2.1815052032470703
2.2596447467803955,3.485191822052002,-0.17693160474300385,4.157386343714922,0.7998812198638916,1.7532973289489746,0.05549955368041992,1.9103326797485352
-4.805320739746094,-13.926556587219238,9.573691368103027,17.56973682786808,1.8826870918273926,2.041322708129883,2.200709342956543,0.44760894775390625
-3.9527323246002197,-2.16965389251709,10.927814483642578,11.821532059431322,0.28746914863586426,0.4851415157318115,1.809922218322754,1.863393783569336
-6.468260288238525,0.8770520687103271,2.7289178371429443,7.074927847653962,0.32332611083984375,1.229720115661621,0.45743441581726074,0.7171816825866699
-0.6857632398605347,16.45572853088379,-1.4222265481948853,16.53130367084451,0.9108219146728516,3.0373172760009766,1.1545871496200562,3.0288467407226562
-6.774572372436523,5.343181133270264,-7.090840816497803,11.16800962290178,0.5593881607055664,3.715975284576416,0.2041606903076172,2.582347869873047
8.181242942810059,2.1934285163879395,7.0500569343566895,11.020307052140335,0.36070823669433594,1.4529805183410645,0.8560013771057129,0.14336395263671875
2.951073169708252,3.2181551456451416,6.917824745178223,8.18056566500229,0.1718151569366455,0.3219630718231201,0.30137014389038086,0.32669544219970703
-0.30294233560562134,-1.8748902082443237,1.034610390663147,2.1627311465230212,0.5054494142532349,0.9266906976699829,0.5345897674560547,0.3181498050689697
-0.5085811018943787,-0.3242955207824707,-0.4615859389305115,0.7595287361397435,0.3699766993522644,0.30916792154312134,0.376808226108551,0.5963500738143921
-0.2292538285255432,0.724608838558197,3.862455368041992,3.9365183547046594,0.5152062177658081,0.28109416365623474,0.31264638900756836,0.3477001190185547
5.226407051086426,16.000104904174805,10.344215393066406,19.7565553603455,0.7323741912841797,0.4572410583496094,2.3007612228393555,0.8955459594726562
0.12109123915433884,-0.2613329589366913,0.49856430292129517,0.5757815278158345,0.23393738269805908,0.2481723129749298,0.5096681118011475,0.4616292119026184
4.369991302490234,2.9974935054779053,2.332267999649048,5.789755203927839,0.9955661296844482,0.9790890216827393,0.05436849594116211,0.05425262451171875
0.08633314073085785,-0.11163264513015747,-0.11232315003871918,0.1803655972790554,0.08633314073085785,0.11163264513015747,0.11232315003871918,0.18036559224128723
-0.28116536140441895,1.2609107494354248,-0.29795780777931213,1.3257936241029882,0.19324177503585815,1.2480082511901855,0.36910831928253174,1.211954116821289
1.103344202041626,-4.131063938140869,-2.4081342220306396,4.907358568568424,2.4088754653930664,2.506460428237915,0.036921024322509766,1.7503979206085205
4.236647129058838,7.687873840332031,-13.069231033325195,15.743486998865734,1.3616228103637695,0.6851682662963867,0.5817966461181641,0.4363107681274414
0.32371780276298523,-4.2676239013671875,6.379675388336182,7.6822955579623855,1.4077889919281006,0.863955020904541,2.393293857574463,2.6277098655700684
-2.7778031826019287,5.437542915344238,5.020034313201904,7.904670011025649,0.5476500988006592,0.8330893516540527,1.0054564476013184,0.37579870223999023
1.2163517475128174,7.379329204559326,-6.674083709716797,10.023841800789096,0.497389554977417,0.12709808349609375,1.6606378555297852,1.156468391418457
-3.667097330093384,4.890537738800049,-6.070038318634033,8.614541624061665,2.8261559009552,0.20105600357055664,2.2789864540100098,3.123978614807129
7.871654987335205,8.801581382751465,1.314062237739563,11.88097414530852,2.7125630378723145,4.607521057128906,1.0461093187332153,5.36431884765625
-10.379228591918945,11.691445350646973,-3.0482592582702637,15.928281924178226,3.7536182403564453,3.0048303604125977,1.9020119905471802,4.493074417114258
-1.453697681427002,-2.1089587211608887,1.2353402376174927,2.8437667519020713,0.8116664886474609,0.13445639610290527,0.6989626884460449,0.7300355434417725
4.515353202819824,-1.831072449684143,-4.694744110107422,6.766229608991692,1.5505609512329102,1.825791597366333,1.7718570232391357,0.032834529876708984
7.039340019226074,7.126623153686523,17.063344955444336,19.786328778968226,2.8731589317321777,0.39830875396728516,1.4795875549316406,0.6543655395507812
8.194710731506348,13.890155792236328,0.4125620722770691,16.132573240780385,0.7982444763183594,2.9456253051757812,0.4301658868789673,2.954517364501953
3.195476770401001,-3.1033215522766113,3.82755708694458,5.872977924427829,1.3040653467178345,2.734374523162842,0.8220100402832031,0.8398842811584473
-3.664454936981201,7.582976341247559,-11.16877269744873,13.988253777522136,0.4214019775390625,2.226088523864746,2.3868961334228516,3.235804557800293
-1.5653691291809082,-1.1450669765472412,6.3159871101379395,6.607060773657242,0.2594348192214966,0.06421458721160889,1.047675609588623,1.0559463500976562
4.769829273223877,-4.172307014465332,3.2131481170654297,7.1051909151592225,1.625925064086914,0.8189065456390381,0.9226508140563965,1.2168164253234863
9.06414794921875,-9.706856727600098,-4.170342445373535,13.92025867888833,1.5501174926757812,2.831076145172119,1.7715678215026855,3.4564571380615234
14.110590934753418,-4.346122741699219,-0.5878997445106506,14.776440218247972,3.9066829681396484,3.1799941062927246,1.7806434631347656,4.437087059020996
-14.806584358215332,2.174461603164673,-9.975419998168945,17.985333684990483,1.1192092895507812,1.0811116695404053,0.7025051116943359,1.4632587432861328
2.37874174118042,7.568507194519043,3.025862693786621,8.490969230092063,0.5837945938110352,2.816965103149414,0.20862054824829102,2.670191764831543
3.0006673336029053,-1.277978777885437,5.0211076736450195,5.987383107336128,3.7466742992401123,1.1304012537002563,0.583867073059082,2.7855377197265625
-8.211968421936035,-6.876310348510742,-4.610467910766602,11.660895494262826,7.247992515563965,1.3905658721923828,1.9296941757202148,7.0507402420043945
-3.673478603363037,-5.675856113433838,2.5971012115478516,7.242563246033384,2.149080753326416,3.324096918106079,0.28931164741516113,3.219388008117676
13.690784454345703,7.810873031616211,5.25321102142334,16.61455815021835,1.0443830490112305,2.090242385864258,0.19842529296875,0.34668731689453125
-2.6169567108154297,3.6457254886627197,0.5476253032684326,4.521025352477774,0.08358526229858398,0.9959204196929932,0.6917720437049866,0.8509931564331055
0.618939220905304,-1.622585415840149,0.9282398223876953,1.9691364500050152,0.6139524579048157,1.6337013244628906,0.689360499382019,1.7299466133117676
0.395149827003479,1.1770384311676025,-0.6980666518211365,1.4243805336394983,0.23466148972511292,0.7210038900375366,0.76359623670578,0.9365095496177673
5.232395172119141,2.010051965713501,16.05183219909668,17.00234057681593,0.2962937355041504,3.3193013668060303,1.1543636322021484,1.8396759033203125
-12.56554889678955,7.59515905380249,-8.889243125915527,17.16386038983665,2.66776180267334,5.551541805267334,0.5355892181396484,5.055881500244141
2.992943048477173,-2.4605627059936523,0.7894287109375,3.9541465085663026,0.3587181568145752,0.6361078023910522,1.8294198513031006,0.18422818183898926
-6.344150543212891,-5.599734306335449,2.1648764610290527,8.73452691953126,3.443779945373535,0.9366083145141602,0.6218545436859131,3.360647201538086
5.075686454772949,2.775946617126465,-5.298256874084473,7.844743368146903,3.310359001159668,1.7072176933288574,1.6316337585449219,3.9216456413269043
6.619530200958252,-6.530486106872559,-2.014908790588379,9.51447772123327,1.123708724975586,2.999500036239624,0.5120971202850342,0.6369009017944336
-4.403116703033447,-0.277517706155777,4.78962516784668,6.51190924585351,0.21769046783447266,1.2447065114974976,0.5395903587341309,0.15973567962646484
0.7399175763130188,-4.766819000244141,1.096186876296997,4.946884582097226,0.6671240925788879,0.09944391250610352,0.14654618501663208,0.20695877075195312
-7.548385143280029,-7.077672958374023,-9.649103164672852,14.14838381793091,1.0661826133728027,0.7917971611022949,2.062314033508301,1.690816879272461
-2.068505048751831,2.0249345302581787,-2.1487045288085938,3.604997106887367,0.07320892810821533,1.6972377300262451,0.5515158176422119,1.4076833724975586
-6.12758207321167,10.139657974243164,-13.438699722290039,17.915316802235353,5.8332085609436035,1.4275312423706055,0.9643087387084961,2.880617141723633
-4.651909828186035,13.360759735107422,14.104345321655273,19.977054905599587,0.3424038887023926,0.0830087661743164,1.0923776626586914,0.8119392395019531
-5.3737077713012695,-11.58428955078125,5.500291347503662,13.904161409991865,4.0576887130737305,0.6382503509521484,1.4255061149597168,2.062854766845703
1.0935323238372803,-0.5922859907150269,-1.4703686237335205,1.9257724496248902,0.865790069103241,0.5445849895477295,0.5202769637107849,0.9476026892662048
-2.7033309936523438,-2.352972984313965,-0.2530520260334015,3.592842280706508,1.113029956817627,0.1817307472229004,0.76685631275177,0.827892541885376
1.1309081315994263,-5.671736717224121,-4.530785083770752,7.346806385562743,1.514157772064209,3.674541473388672,0.7779245376586914,3.408759117126465
9.752411842346191,-10.706417083740234,4.5803704261779785,15.189361301738293,4.7028045654296875,0.05295562744140625,1.1377801895141602,2.086231231689453
-1.905982255935669,2.6306512355804443,1.6991807222366333,3.6661027549733447,0.9449207782745361,1.934696912765503,0.6014260053634644,1.0775158405303955
14.000527381896973,2.152665376663208,-7.927538871765137,16.232516987777302,4.246940612792969,1.5864434242248535,0.4844074249267578,3.340120315551758
-2.585777759552002,3.2730672359466553,-18.129430770874023,18.60310392995575,1.5542247295379639,2.530115842819214,1.3450508117675781,1.7437973022460938
-16.06009292602539,-5.344488143920898,0.36068597435951233,16.929862157890756,2.5601863861083984,1.2655339241027832,1.1835418939590454,2.845989227294922
4.730113983154297,-4.497632026672363,6.089569568634033,8.926675174566086,2.8804917335510254,0.9775373935699463,1.2594151496887207,2.2232112884521484
-11.776466369628906,-2.4107484817504883,15.458192825317383,19.58194560869672,0.6594905853271484,0.7038856744766235,0.6788110733032227,1.0096359252929688
0.0068996925838291645,-0.002146131591871381,0.013981283642351627,0.01573810442362309,0.0068996925838291645,0.002146131591871381,0.013981283642351627,0.01573810540139675
-2.298344373703003,-18.35716438293457,1.3823062181472778,18.552052218634532,0.5186045169830322,6.4669342041015625,0.5264886617660522,6.498940467834473
-9.224971771240234,-8.505334854125977,-11.316195487976074,16.89665959540759,0.7868118286132812,0.2926759719848633,1.0437870025634766,0.06920623779296875
-2.415735960006714,-2.599857807159424,-2.283445358276367,4.220090467057697,1.8176414966583252,1.0108577013015747,0.08119392395019531,1.4393441677093506
0.2835291922092438,0.24166303873062134,0.023316554725170135,0.37327401308903885,0.2835291922092438,0.24166303873062134,0.023316554725170135,0.373274028301239
0.15006719529628754,0.1663808524608612,0.03717214986681938,0.2271222575958117,0.15006719529628754,0.1663808524608612,0.03717214986681938,0.2271222621202469
-2.3481342792510986,-1.3235045671463013,-2.509368419647217,3.6827067217162384,0.605207085609436,0.6189619302749634,0.3372466564178467,0.8100268840789795
5.242627143859863,7.7797980308532715,-1.6306167840957642,9.522043261137783,1.7800602912902832,1.4299206733703613,0.25133609771728516,2.2116174697875977
8.362619400024414,-1.1846840381622314,6.5889434814453125,10.712191918632794,0.6201200485229492,2.3008952140808105,0.33246707916259766,0.2913999557495117
4.4101128578186035,-11.580775260925293,4.825325012207031,13.298391351444995,1.408200740814209,0.8581743240356445,2.809140682220459,1.9824447631835938
-8.721510887145996,-5.598926067352295,6.526795864105225,12.247930009351958,0.42003440856933594,0.4993472099304199,0.5315361022949219,0.23900413513183594
-3.897765636444092,1.9136914014816284,6.073192596435547,7.465819449340352,1.5086631774902344,1.620681643486023,0.23406076431274414,1.5620660781860352
-7.488638877868652,8.555137634277344,9.945963859558105,15.106034862934429,0.6364421844482422,4.888394355773926,1.0107049942016602,2.965611457824707
-2.7263128757476807,8.89875602722168,-6.673336505889893,11.452251344138604,1.6473448276519775,2.6443347930908203,1.4934191703796387,1.2457275390625
-7.83655309677124,13.717864036560059,-3.283230781555176,16.136014456147905,5.55032205581665,0.42307472229003906,0.8869321346282959,2.8824520111083984
6.545039653778076,5.5770440101623535,1.1720128059387207,8.678397200987034,2.8627827167510986,0.15186786651611328,0.7183105945587158,2.105924129486084
3.7085089683532715,1.9338734149932861,-4.1733622550964355,5.90845645374814,0.781893253326416,1.5338592529296875,1.3513855934143066,0.42813873291015625
-2.5736560821533203,7.836112976074219,-5.9971160888671875,10.197733747571231,0.565387487411499,1.1505508422851562,2.7204408645629883,2.7099971771240234
-2.647747278213501,-5.532785892486572,5.120614051818848,7.990179825828082,0.16835546493530273,0.6428003311157227,1.9606380462646484,1.8186144828796387
-4.661738872528076,0.5491766333580017,-1.837153673171997,5.040688237643262,0.8735342025756836,1.5156781673431396,1.45466947555542,0.5913329124450684
4.526975631713867,-10.219730377197266,-6.363085746765137,12.861775055311197,1.2522213459014893,4.29995584487915,2.6277129650115967,5.133854866027832
-3.0101773738861084,14.008091926574707,-0.49016913771629333,14.336250312727973,1.6308238506317139,1.4827938079833984,0.7680540084838867,1.266739845275879
-2.884885549545288,-11.705126762390137,5.9877824783325195,13.460538479772008,2.0675628185272217,0.46288490295410156,0.436154842376709,1.1632165908813477
-0.7428945899009705,2.786069869995117,0.5502286553382874,2.9354436232627803,0.3435055613517761,1.097098708152771,0.2824786901473999,0.7614402770996094
1.1501903533935547,-13.152453422546387,-2.7241716384887695,13.480767040388997,1.2442189455032349,1.5378475189208984,0.8526976108551025,1.327500343322754
-1.2212501764297485,15.576008796691895,-12.483604431152344,19.998596991327652,2.6626036167144775,4.468151092529297,0.43393802642822266,3.546955108642578
-0.0975760668516159,-0.7937871813774109,-0.11016867309808731,0.8073142601698045,0.13793572783470154,0.6835843920707703,0.09360941499471664,0.5721566677093506
-2.8708674907684326,-3.6480231285095215,-1.334908127784729,4.830313924096152,0.6217663288116455,2.0117909908294678,0.1096487045288086,1.6962342262268066
-5.636951923370361,-13.378396987915039,-10.105973243713379,17.688624258412347,2.073362112045288,1.848710060119629,3.302753448486328,0.3509674072265625
-2.8473527431488037,-1.728886365890503,-0.9322318434715271,3.459121553235938,0.10299015045166016,1.5978209972381592,0.3159645199775696,0.25292539596557617
6.515007019042969,-6.193890571594238,6.248514175415039,10.947763528293157,2.6602783203125,0.24411249160766602,0.37998390197753906,1.8398361206054688
1.2954885959625244,8.837220191955566,4.139146327972412,9.844149721928433,0.6798522472381592,2.8110179901123047,1.9945333003997803,2.0158605575561523
0.08118274807929993,-3.6831607818603516,1.4977161884307861,3.9768602898150074,1.7230652570724487,0.0034096240997314453,0.5016066431999207,0.24073529243469238
-2.387491226196289,-6.909060001373291,-3.831820011138916,8.253367134418848,1.079439640045166,0.9856762886047363,0.6922893524169922,0.9228582382202148
-2.4916768074035645,-0.6510390043258667,1.505055546760559,2.9828672944905144,0.6883993148803711,1.478180170059204,0.6044427156448364,0.921877384185791
9.778225898742676,-16.017127990722656,4.103326797485352,19.209356616112746,0.29979610443115234,0.7336301803588867,0.9586868286132812,0.5264778137207031
6.496570110321045,9.78246021270752,8.250697135925293,14.351862396228869,1.577587604522705,4.248471260070801,0.9372239112854004,2.2176971435546875
-1.5040736198425293,-0.6027638912200928,1.3140380382537842,2.08620654021668,0.6786190271377563,0.5434423089027405,0.0342942476272583,0.5621858835220337
5.501871109008789,-5.781483173370361,-3.0727598667144775,8.552074986960848,2.5796566009521484,0.2669558525085449,0.39284348487854004,1.8919010162353516
6.237580299377441,-0.6769527792930603,1.2688795328140259,6.401228657481976,1.7997312545776367,1.7975859642028809,0.799857497215271,1.9733681678771973
-5.797682285308838,3.3066813945770264,0.39015570282936096,6.68576721095463,0.9032869338989258,0.522179365158081,0.6139056086540222,0.5741572380065918
-3.9047963619232178,-0.2550050914287567,6.970320701599121,7.993612006338852,1.9611952304840088,1.4639350175857544,1.6594948768615723,0.011151790618896484
-2.1530351638793945,-4.753305912017822,-14.260095596313477,15.184854425582214,4.3763227462768555,2.506058931350708,0.7696943283081055,0.029870033264160156
-3.7153282165527344,-2.325399398803711,-1.4399898052215576,4.613536253223941,0.25689148902893066,0.8908447027206421,0.0004496574401855469,0.6018538475036621
1.4731160402297974,-0.45818856358528137,-1.3931167125701904,2.0786490330560943,0.6304336190223694,0.7742106914520264,0.6962553262710571,0.940405011177063
0.6980723142623901,3.5156986713409424,0.9077020287513733,3.697480909566333,0.5895766019821167,1.751664161682129,0.22706365585327148,1.8035808801651
5.339364528656006,14.91146183013916,-3.957364559173584,16.325478300367504,0.8079843521118164,3.656313896179199,2.1030311584472656,2.8769760131835938
-4.8696160316467285,5.67333459854126,1.0279173851013184,7.546953021800896,1.4332551956176758,1.0441126823425293,2.3299708366394043,2.257417678833008
6.6908674240112305,3.102149486541748,-3.924041986465454,8.353989695593935,0.02590799331665039,1.668595314025879,1.1134870052337646,1.2667369842529297
1.4566665887832642,-0.8938239216804504,-2.474339485168457,3.0071838390277033,0.45574951171875,0.515425980091095,0.22613310813903809,0.5173139572143555
-2.3581087589263916,4.731058120727539,-5.302700996398926,7.48747124988387,2.0554659366607666,2.2786264419555664,0.25832414627075195,2.489518642425537
-1.1491543054580688,3.684157609939575,4.382837772369385,5.839763681137819,0.11400854587554932,1.1273612976074219,1.798351526260376,1.9910812377929688
-1.0940755605697632,1.440354585647583,-4.364497661590576,4.724453672400828,0.024177908897399902,0.5761900544166565,0.5237104892730713,0.6448569297790527
-0.40858227014541626,1.0368056297302246,-0.27812182903289795,1.1485891942300668,0.42111578583717346,1.076865315437317,0.19258099794387817,1.05330491065979
1.2913426160812378,-1.4124250411987305,-1.5885319709777832,2.4871558197932293,1.4293012619018555,1.1081454753875732,0.7006757259368896,1.5385215282440186
-0.1187313124537468,-1.404441475868225,1.720788836479187,2.2243352273088925,0.851101815700531,1.3508858680725098,0.730817973613739,0.9917455911636353
-1.199305534362793,-2.5019845962524414,-4.418593883514404,5.217492941257191,2.556558847427368,1.529374599456787,2.266511917114258,3.445590019226074
4.322038173675537,2.779217481613159,-0.516238808631897,5.164355360773544,0.45607686042785645,1.3847272396087646,0.7830359935760498,0.664212703704834
5.116321563720703,16.14299774169922,-5.904634952545166,17.93426431038412,0.22686147689819336,3.868893623352051,0.625556468963623,3.039748191833496
-3.1840100288391113,-0.7207627296447754,-2.466838836669922,4.0917859941956936,0.010950565338134766,0.39000266790390015,0.20996904373168945,0.16614747047424316
3.766197919845581,-0.9579246640205383,-3.982205390930176,5.564155480299,0.27680325508117676,0.09677702188491821,0.3265266418457031,0.012377262115478516
8.659185409545898,12.613414764404297,10.408957481384277,18.504759383062797,0.9522600173950195,4.274906158447266,2.4815025329589844,4.0955963134765625
-13.420683860778809,5.8959221839904785,-8.638944625854492,17.01493514355021,3.0983009338378906,2.8314261436462402,0.2225332260131836,0.8518905639648438
10.74571418762207,2.3908448219299316,4.386058330535889,11.850064136681906,1.6275434494018555,2.266530990600586,1.2450520992279053,1.7387018203735352
1.5786114931106567,-5.197699069976807,-16.28691864013672,17.168919845425677,3.113239288330078,1.2835729122161865,0.2605113983154297,0.0172576904296875
1.0300894975662231,-0.24267159402370453,1.7162631750106812,2.0163167314288652,0.48328518867492676,0.8392206430435181,0.2709444761276245,0.12934398651123047
9.660442352294922,9.084306716918945,-5.7487382888793945,14.453261461798167,2.110820770263672,1.894317626953125,1.1135811805725098,3.043729782104492
2.3799519538879395,-6.832693576812744,3.112612009048462,7.876434874758113,0.8763271570205688,0.9436302185058594,0.04019522666931152,1.0660243034362793
3.3441267013549805,-5.192155838012695,-13.803788185119629,15.122375273103525,0.17211508750915527,1.2262134552001953,1.9218454360961914,1.4724502563476562
15.205255508422852,3.8749656677246094,-5.633707523345947,16.671946930729856,4.9585161209106445,1.250312328338623,2.3407249450683594,3.4252099990844727
-1.0083993673324585,-2.3762075901031494,2.822437047958374,3.8248376024333766,1.1034456491470337,0.9192512035369873,0.23499250411987305,0.6714892387390137
-3.760697603225708,-0.9518800973892212,7.864317893981934,8.769060275783131,0.46772265434265137,0.4032198190689087,0.1638469696044922,0.3211545944213867
-8.424604415893555,4.420222759246826,-6.958518028259277,11.786997155987873,0.3166036605834961,1.4538474082946777,0.7534060478210449,1.2662477493286133
-9.886663436889648,-9.956989288330078,-13.206038475036621,19.268814229381064,5.757442474365234,4.132386684417725,0.3323850631713867,4.54782772064209
-10.105441093444824,3.944547414779663,3.163811206817627,11.299959971296936,0.7133207321166992,0.04943203926086426,1.868647575378418,0.045060157775878906
-7.2504191398620605,8.597330093383789,-9.813505172729492,14.926069349077443,0.021644115447998047,2.0996084213256836,1.815887451171875,2.4498462677001953
-16.608783721923828,4.723418712615967,-6.660982131958008,18.507594765895337,4.061864852905273,3.5423693656921387,0.1494588851928711,2.0112133026123047
-3.6883816719055176,2.6540918350219727,3.4403417110443115,5.699501198800658,2.3017287254333496,2.0484237670898438,1.025864839553833,3.1289796829223633
1.2824574708938599,2.7719337940216064,2.4388279914855957,3.908477465093557,1.0361593961715698,0.17899489402770996,0.002640962600708008,0.0739436149597168
-0.2914474606513977,1.4569472074508667,-1.077895164489746,1.8356183626367992,0.5495890378952026,0.3442249298095703,0.7972887754440308,0.3600825071334839
3.5699503421783447,0.11273158341646194,-2.038280725479126,4.112401022684749,3.930387258529663,1.835362434387207,0.8687517642974854,3.7245583534240723
5.242359638214111,2.912320137023926,-1.6459153890609741,6.218760376862835,0.7635488510131836,0.3276338577270508,0.8799533247947693,0.6381020545959473
-16.678646087646484,3.6743388175964355,7.405332565307617,18.61496579277724,9.840110778808594,3.423593044281006,5.844623565673828,8.635887145996094
-0.9538624882698059,0.774437427520752,0.9563328623771667,1.5569776874880803,0.5187090635299683,1.0764918327331543,0.14552593231201172,0.5884721279144287
11.527862548828125,-13.95344352722168,-4.046605110168457,18.546299203066905,0.6281604766845703,2.227052688598633,1.2794466018676758,1.673879623413086
-5.195744514465332,-3.913142442703247,7.339803218841553,9.807199198945586,2.2848892211914062,1.5675466060638428,2.914660930633545,2.185328483581543
-3.408975839614868,-8.150848388671875,-5.1435933113098145,10.223208786009598,2.0623624324798584,0.5972037315368652,0.6981067657470703,0.7821788787841797
-1.125244379043579,0.9766224026679993,-0.07093537598848343,1.4916427378996664,0.3922240138053894,0.0744357705116272,0.14484477043151855,0.3268585205078125
4.418457508087158,3.404193878173828,0.2795286774635315,5.584750575674124,1.1581413745880127,0.5324764251708984,0.17512410879135132,1.2163262367248535
9.045466423034668,-10.171769142150879,-10.36038589477539,17.106225363303306,1.5978140830993652,1.2921552658081055,2.88308048248291,0.49219703674316406
-4.724275588989258,4.252270698547363,-2.4894018173217773,6.826251338950922,0.5688333511352539,1.2555155754089355,0.6302140951156616,0.31937599182128906
5.566173076629639,2.028510093688965,2.8533546924591064,6.575619280354746,0.9678030014038086,2.369476795196533,1.3869646787643433,0.04587221145629883
-0.05735181272029877,1.7218233346939087,-1.127302646636963,2.058828813532941,0.56122887134552,0.4617496728897095,0.29104459285736084,0.09582436084747314
0.12121956050395966,3.8400583267211914,-1.0088458061218262,3.9722175160732482,0.001148022711277008,1.06770658493042,0.5928531289100647,1.1661603450775146
6.02338981628418,-0.7548659443855286,-0.3157372772693634,6.0787118290939315,2.7311840057373047,1.919839859008789,1.6835747957229614,2.8583292961120605
5.527028560638428,3.1200661659240723,5.394219875335693,8.329493721308856,1.60233736038208,2.05814266204834,0.38803625106811523,2.209775924682617
0.3017161786556244,0.2441084235906601,-0.08728238940238953,0.39779365307940767,0.3017161786556244,0.2441084235906601,0.08728238940238953,0.39779365062713623
-12.514567375183105,-10.194375991821289,-4.784832000732422,16.835507587413357,3.703516960144043,1.0222530364990234,2.937641143798828,4.341733932495117
2.479079484939575,1.0800700187683105,8.72418212890625,9.13365973509073,0.24831128120422363,1.1390249729156494,0.06357383728027344,0.08083152770996094
-2.5585107803344727,8.604880332946777,-2.324540853500366,9.273264427213006,0.4935281276702881,1.8584356307983398,1.327268123626709,2.221588134765625
-4.9220356941223145,0.7441032528877258,15.948813438415527,16.707626256250645,1.109968900680542,1.4673044681549072,2.2856435775756836,2.351290702819824
0.3506106734275818,-0.290519654750824,-0.07393863052129745,0.4612986399299756,0.3506106734275818,0.290519654750824,0.07393863052129745,0.4612986445426941
3.041386842727661,-12.296195030212402,2.80769419670105,12.974189487221384,0.32587504386901855,1.4196033477783203,0.3633542060852051,1.3629188537597656
11.1577787399292,4.909572601318359,-4.163477420806885,12.88155556485321,1.500762939453125,1.5689435005187988,2.838717460632324,0.6926794052124023
-1.502116084098816,8.215630531311035,8.819534301757812,12.146486037410204,0.48218846321105957,0.1936492919921875,2.6503400802612305,2.112344741821289
14.670841217041016,8.153470993041992,-8.5101318359375,18.818475366379808,3.98052978515625,3.0040645599365234,1.9821362495422363,5.275437355041504
3.8209357261657715,-6.86574649810791,4.719071388244629,9.165569244030623,0.24474620819091797,0.6211667060852051,0.49314355850219727,0.8219642639160156
12.546812057495117,4.64410924911499,-3.4491164684295654,13.816173418736907,1.5852441787719727,2.8866424560546875,0.456881046295166,2.474336624145508
-0.5403690934181213,7.775033950805664,-7.061739444732666,10.517191434912435,0.6657981872558594,3.5259666442871094,1.031850814819336,3.139531135559082
-13.617500305175781,1.9296834468841553,-3.2990972995758057,14.143692437221251,1.6171140670776367,0.4893563985824585,1.7845003604888916,1.9811649322509766
-9.124353408813477,-1.5670820474624634,6.909416198730469,11.552038931707434,0.38481998443603516,1.5245630741119385,1.5525131225585938,1.1770782470703125
-8.893238067626953,5.849112510681152,-2.605849027633667,10.958660942145956,0.684112548828125,0.5927538871765137,1.357479214668274,0.4493408203125
-1.4188045263290405,-5.097959041595459,-5.540496349334717,7.6615463498374785,0.5031241178512573,2.5739922523498535,1.1285266876220703,2.227423667907715
1.1748193502426147,1.6382675170898438,6.6544599533081055,6.953125788696585,2.7538466453552246,2.067089557647705,2.2606582641601562,3.4700889587402344
-0.3053077161312103,0.2524011731147766,-0.5836261510848999,0.7053641881674639,0.11375759541988373,0.30607321858406067,0.546367347240448,0.5029774904251099
-5.965489864349365,-0.891925573348999,-1.0625827312469482,6.1246781638542585,0.5359706878662109,0.2645339369773865,0.050130248069763184,0.5010852813720703
11.834991455078125,-2.1807329654693604,6.30208683013916,13.58451020180965,0.5646305084228516,0.815773606300354,0.3267378807067871,0.5418853759765625
-7.925063610076904,-9.999887466430664,10.7229585647583,16.666920019804667,0.3824172019958496,0.08069992065429688,2.402712821960449,1.7637004852294922
-3.978329658508301,5.046937942504883,6.566455841064453,9.187874170879336,1.447319507598877,1.0959844589233398,1.697859764099121,2.4513721466064453
-0.0664527416229248,0.6594516634941101,-0.27002570033073425,0.7156859242666825,0.007851697504520416,0.7798731327056885,0.3410092294216156,0.5573787689208984
4.707476615905762,-0.8363720178604126,-4.265291690826416,6.407227750704069,3.1107473373413086,0.8323509097099304,0.6126618385314941,2.807927131652832
6.711826324462891,-15.198712348937988,-10.744688987731934,19.786303624441857,2.0803680419921875,2.171809196472168,0.7802324295043945,0.767913818359375
-6.718294143676758,-5.814640522003174,8.141714096069336,12.051266697871094,0.13311338424682617,2.2422287464141846,0.6890392303466797,0.3172941207885742
-3.1064910888671875,-0.3035137951374054,-0.3954729735851288,3.1462368604232926,2.4964890480041504,2.0099430084228516,0.175541490316391,2.7149627208709717
-2.786344051361084,4.923375129699707,-6.605672836303711,8.697025322521581,2.135774612426758,2.512218713760376,0.8838682174682617,0.5838232040405273
7.47755241394043,7.445261001586914,5.626435279846191,11.958364246136476,1.8918414115905762,0.46674489974975586,0.35094213485717773,0.5772809982299805
15.491156578063965,-0.5854441523551941,-12.126154899597168,19.681522035418038,2.1840734481811523,2.9700655937194824,0.9903669357299805,0.6614475250244141
-0.4580647945404053,12.06192684173584,-3.0155465602874756,12.441600521984562,2.2668395042419434,1.3314428329467773,1.5181119441986084,0.6530885696411133
5.800448417663574,7.735173225402832,9.200654983520508,13.346541079948222,2.120666742324829,1.1703300476074219,0.384490966796875,0.24477291107177734
1.3769066333770752,13.589751243591309,12.962939262390137,18.831224205030992,0.6866407990455627,1.7664194107055664,3.0004777908325195,0.5134983062744141
7.522028923034668,-6.201178073883057,0.037129320204257965,9.748687460853224,2.50469970703125,1.4176301956176758,0.013396769762039185,1.3607769012451172
-3.6548008918762207,-0.9300956130027771,0.7364994287490845,3.842535467257779,2.3382797241210938,1.9137678146362305,0.8187448978424072,2.231292724609375
-11.429471969604492,4.57509708404541,11.148904800415039,16.609106570828338,2.563828468322754,3.2047829627990723,1.9584932327270508,1.8517341613769531
9.741415023803711,-11.490743637084961,-9.879733085632324,18.015034883189518,2.0773515701293945,1.993779182434082,0.7412052154541016,1.836822509765625
1.7528876066207886,-7.023076057434082,0.6434481143951416,7.267065277391367,0.9575146436691284,0.6566410064697266,2.0002217292785645,0.3278217315673828
4.3252458572387695,6.409268856048584,-6.247471332550049,9.940692986191161,1.9179878234863281,4.71543550491333,1.2140483856201172,4.838051795959473
0.006912083365023136,0.017502525821328163,-0.0077645061537623405,0.020356887345149354,0.006912083365023136,0.017502525821328163,0.0077645061537623405,0.020356887951493263
3.103728771209717,4.999346733093262,-0.34763750433921814,5.8946969283711645,1.7083539962768555,1.360280990600586,1.0235912799835205,2.1973538398742676
-1.276075005531311,-1.0118048191070557,-6.664979934692383,6.861054870904479,1.6455868482589722,0.16169685125350952,1.735579490661621,2.0736069679260254
1.414481282234192,6.664183139801025,-0.6159979104995728,6.840434755506332,1.3221919536590576,2.5611538887023926,0.765761137008667,2.5100045204162598
0.606353223323822,-0.3269376754760742,-1.4762293100357056,1.6290504752429813,0.38948988914489746,0.168118417263031,1.2633870840072632,1.2861874103546143
5.174655914306641,-6.872200965881348,-2.786817789077759,9.042707743615818,2.525564193725586,1.9785919189453125,1.9715321063995361,2.7171640396118164
-0.7060741186141968,-17.03011703491211,-6.837443828582764,18.365022869378762,2.2130370140075684,1.3785686492919922,2.5237364768981934,2.492412567138672
0.6518715620040894,2.644822597503662,-1.893220067024231,3.3172737794458422,0.17292451858520508,0.5259935855865479,0.8155823945999146,0.2192976474761963
10.827727317810059,2.8770205974578857,3.7446370124816895,11.812672548678174,3.2736616134643555,1.1685235500335693,2.5542969703674316,4.152669906616211
-0.08074752241373062,0.24004507064819336,-0.21869105100631714,0.33461556166547257,0.08074752241373062,0.24004507064819336,0.21869105100631714,0.334615558385849
-0.1736467182636261,0.18069536983966827,0.10605137795209885,0.27212293951587496,0.1736467182636261,0.18069536983966827,0.10605137795209885,0.27212294936180115
0.8936030864715576,1.602493405342102,-2.0496163368225098,2.750897802261317,1.268786072731018,0.29811811447143555,0.6852943897247314,0.6006426811218262
7.572862148284912,-6.751482963562012,-9.14496898651123,13.658741563132626,3.57106351852417,0.0615992546081543,1.6575226783752441,2.77323055267334
-10.563105583190918,-13.123941421508789,10.602179527282715,19.905357287061342,2.638732433319092,1.118215560913086,1.0452613830566406,2.6349258422851562
-1.6819173097610474,-8.883097648620605,-7.745504856109619,11.905087784129122,0.11377155780792236,3.1995320320129395,0.08706808090209961,2.062495231628418
-3.4927353858947754,-1.2269271612167358,1.128456711769104,3.870137631292926,1.8426874876022339,0.4302073121070862,0.09624874591827393,1.7670745849609375
2.873439073562622,-1.5423344373703003,3.890068531036377,5.076227024309915,2.515524387359619,2.2534079551696777,1.818680763244629,2.857133626937866
-2.168713331222534,-2.8361308574676514,-3.653154134750366,5.108080939643208,0.6958673000335693,1.3119717836380005,0.5369374752044678,0.19151830673217773
0.6932855844497681,1.8248947858810425,0.6753932237625122,2.0656819425666653,0.15545439720153809,1.5791678428649902,0.6174347996711731,1.471541166305542
1.685694694519043,-4.722192287445068,5.76804780960083,7.642711700474922,0.5567407608032227,1.6267883777618408,0.7105722427368164,0.12057352066040039
-0.912840723991394,0.7916496992111206,0.7881203889846802,1.4426091574544901,1.5780303478240967,0.6354537606239319,0.10954636335372925,0.3144780397415161
0.6390448212623596,-4.045132160186768,11.377579689025879,12.092178962333204,0.15674757957458496,0.4896111488342285,1.6255111694335938,1.7019338607788086
2.5466132164001465,-6.103475093841553,3.737642526626587,7.596553083598878,2.43868350982666,0.8334131240844727,3.0499842166900635,3.3142433166503906
-0.43327292799949646,2.663353681564331,-8.60378646850586,9.017001711150114,0.5345280170440674,3.977243185043335,3.0695104598999023,4.413322448730469
1.9361985921859741,-2.610910177230835,-12.09891128540039,12.527943615531617,2.3957526683807373,0.9676002264022827,0.31707763671875,0.0047512054443359375
-2.9156715869903564,1.6203869581222534,-0.41070348024368286,3.3608737027623974,0.5554325580596924,1.1080206632614136,0.8139081001281738,1.072561264038086
-6.359669208526611,4.852538585662842,-8.687047004699707,11.809204411351782,1.096590518951416,4.2415385246276855,1.719395637512207,1.8599662780761719
1.5429905652999878,-1.3535791635513306,-3.215244770050049,3.814550480454976,0.6459861397743225,0.17601335048675537,1.961564540863037,1.56974458694458
2.225069999694824,10.902097702026367,12.406344413757324,16.66505483101805,1.0794873237609863,2.432950019836426,0.08582496643066406,1.5264568328857422
1.6536837816238403,0.6626296043395996,-2.0315027236938477,2.7019902587774998,0.007986903190612793,0.1505054235458374,0.2559581995010376,0.1378343105316162
3.9042065143585205,8.706748962402344,1.1862667798995972,9.615484120633093,1.299790620803833,1.4646177291870117,0.4299989938735962,1.834853172302246
1.019811987876892,-4.933767318725586,-12.37527084350586,13.361489621148845,1.4581553936004639,1.0482873916625977,2.1853208541870117,2.4470863342285156
-1.2317577600479126,-8.279437065124512,7.544987678527832,11.269123495815132,0.9948266744613647,0.08792877197265625,1.9918289184570312,1.4983882904052734
15.030274391174316,1.0549873113632202,4.580566883087158,15.748134475916906,0.18715858459472656,0.4959690570831299,0.8721675872802734,0.4909553527832031
3.935225009918213,-4.073085784912109,8.162117958068848,9.934595776948797,0.08176350593566895,0.6931850910186768,2.99179744720459,2.340693473815918
1.3000187873840332,-7.610412120819092,0.9741529226303101,7.781863235301092,0.30801308155059814,0.22579145431518555,0.2826474905014038,0.3157539367675781
4.163858413696289,-16.12472915649414,-3.5035128593444824,17.01820230268737,2.784027338027954,1.1716041564941406,0.540614128112793,0.7981395721435547
10.725214004516602,-6.37682580947876,12.444591522216797,17.622768823370055,1.3972196578979492,2.0146541595458984,1.1858596801757812,0.5397586822509766
8.668567657470703,-7.229340553283691,-11.397418022155762,16.04084061510681,1.450089454650879,3.495110511779785,2.5134143829345703,2.0673933029174805
-8.044246673583984,11.274394035339355,13.103716850280762,19.066443315466433,4.458995819091797,5.288487434387207,2.781045913696289,0.7764530181884766
-4.753030300140381,-1.6965227127075195,-2.194354295730591,5.503151562875253,1.098780632019043,1.4032785892486572,0.04068946838378906,1.4859743118286133
1.1684110164642334,2.991762638092041,-2.0181636810302734,3.7932588402992082,0.6008583307266235,0.5626010894775391,0.8367111682891846,1.0969483852386475
0.2949535548686981,-0.29076653718948364,-1.4348762035369873,1.4934565605184382,0.529541015625,0.16632112860679626,0.024664878845214844,0.007428646087646484
-1.4297289848327637,-6.540380001068115,3.3260340690612793,7.475506548522248,0.5906987190246582,0.13486957550048828,0.30050206184387207,0.38533639907836914
3.1063716411590576,-2.618360996246338,-3.5345661640167236,5.385027116688757,1.6080782413482666,2.74344801902771,0.13456487655639648,1.4197969436645508
-5.940809726715088,-3.461146593093872,6.225077152252197,9.274930808335458,1.8179354667663574,0.9779460430145264,0.5213890075683594,0.6697397232055664
-13.497010231018066,-0.3199373185634613,-12.135455131530762,18.153261864287977,2.141407012939453,2.599641799926758,1.733443260192871,2.9519596099853516
1.624859094619751,-3.203535318374634,0.5043981671333313,3.627288673989106,0.8781890869140625,1.42336106300354,0.5337017178535461,1.4354429244995117
-1.8050380945205688,0.2791960835456848,-1.68777596950531,2.486905848434412,1.5440291166305542,0.9916777014732361,1.201587438583374,1.101400375366211
14.434815406799316,-5.952060222625732,-8.783020973205566,17.914585513985614,0.3574495315551758,0.7735905647277832,0.9007759094238281,0.5083236694335938
-12.385383605957031,1.5340237617492676,-15.00401782989502,19.515929570689895,1.1120357513427734,1.2416083812713623,1.308650016784668,1.8379383087158203
-2.421677827835083,6.1212873458862305,-6.385095119476318,9.170829949219167,2.004537343978882,0.7492127418518066,2.5235304832458496,2.918783187866211
